﻿用户,评分,时间,评论内容,有用数
透明人格里芬,较差,2023-01-22 17:33:52,拜托程导不要再沉迷于这种“把胶片剪碎再重接”的拍法了，人昆汀、诺兰是为了制造悬念，放大戏剧张力，到这部成了纯炫技和割裂观感的东西了，看的很心累,3687
momo,推荐,2023-01-22 13:48:08,黄磊劝周迅跟他一起叛变革命去广西种地的时候 我还觉得 没毛病啊种吧干嘛不去啊 后来发现她老公是梁朝伟 那确实不行哈哈哈哈哈 你去吧我不去了,3818
王小朵,较差,2023-01-22 13:27:55,这么简单的剧情还值得搞非线性叙事 花里胡哨不如好好琢磨故事… 每个角色都非常平面没性格 王一博演得好烂 本来想多一颗星给伟仔一点同情分 但是想到大年初一我看了个这 只想同情我自己,2684
写信告訴我,很差,2023-01-25 09:34:10,程耳，梁朝伟，周迅，为什么有个王一博？？,4890
我很愉快,还行,2023-01-22 13:07:53,啥呀，这么简单的一个故事只能通过剪辑来变得悬疑吗,3269
kiya,力荐,2023-01-22 12:27:55,"程耳真的太会拍了
几个空境 没有台词 画面就极具冲击力
真的情绪一下就被抓住了
几处暗喻也给的特别恰到好处 一下就能懂
每个镜头都有他要表达的东西 没有什么无所谓镜头

两段打戏特别特别爽 没想到影帝六十岁的人了还这么能打 王一博自然是帅得酣畅淋漓 看完首场 迫不及待想二刷了。几处细节要再品一品!",10974
以平凡之名,推荐,2023-01-22 13:10:23,冲王一博来的观众欣赏不了程耳的风格，爱程耳风格的观众看不上王一博。再加上还有一群欣赏能力处于熊出没地带却为了装逼自己错选无名感到受骗反赖电影的巨婴。心疼程耳…,3559
Jason.D,还行,2023-01-22 12:54:40,最后王一博是共产党这点觉得崩了，如果是国民党觉得演的合适。。,2362
桃子熟了么,还行,2023-01-22 12:55:38,包了一层费列罗包装的王致和臭豆腐,2528
.,推荐,2023-01-22 11:54:10,1.大年初一鬼子屠杀中国人晦气，你带着这么主观的感受去看一个谍战片，真的大可不必，完全可以直接看其他那几个合家欢。2.说逻辑混乱剪辑零碎的，建议你带上脑子再去电影院，故事明明很完整，细节表达也都很到位，一些倒叙和插叙也让整个电影更有层次感了。3.画面很符合当时的场景，确实震撼，很深刻地能得到共情，说诡异阴森的还是，你大可不必，这个电影不适合你。4.不是任何人的粉丝，也是第一次看王一博演的戏，客观评价演技可以，和老戏骨一起也一点没露怯，对角色完成还是很好的，我认为已经达标了。5.这电影已经完全超出预期了，有心思好好看电影的强烈推荐去看，娱乐为主的就算了。,4669
Franz,还行,2023-05-09 23:34:53,画面是精致的，台词是讲究的，人物是美丽的，故事性是没有的,1142
豆瓣路人己,还行,2023-01-22 12:27:11,程耳就像是郭敬明的soulmate，着迷于上海的某种情怀，拍的时候把所有想法都放在一起，形式都最终到了极致，却只剩下一个花架子，少去了本质的精神。#于冬冤大头实锤,1250
卵个卵,还行,2023-01-22 11:52:11,程耳需要给李安版权费吗,1060
温柔的风穿堂过,力荐,2023-01-22 11:12:50,买票的时候三十六线小县城还只有上午场，不能剧透只能说对得起我早上九点坐在电影票，是商业片但有程耳一如既往的细节讲究，影帝影后不用说，两个新人也挺好的，能让人沉下心看。,17021
何丽丽,还行,2023-05-16 15:20:00,我仔细想了一下，也还是没想明白他们两个地下党互殴下那么狠手是图啥。那时候旁边不是没有围观群众吗？？,439
Little 99,推荐,2023-01-22 14:03:46,"无名在我心里的演技排名：
1梁朝伟
2周迅（和梁生拥抱那里脸部表情绝了）
3日本军官
4王一博
5黄磊
6王传一
7江疏影
8大鹏
9张婧仪
",3332
dq,很差,2023-01-22 11:18:47,这片改名叫无语吧。,1265
aisaka,很差,2023-01-22 13:04:47,其实有些东西真的要看天赋，你说呢王某,1141
妥协吧滚回去吧,还行,2023-01-22 11:21:40,有点好看又有点难看,520
ulay,还行,2023-01-23 03:07:58,“我是个软弱的人，适应不了这个剧变的电影”,552
史派克克,较差,2023-07-14 15:35:28,导演的剪辑: 今天天气真好，想去郊游→天游郊天今去气好真想,534
苦涩如歌,还行,2023-01-22 13:42:39,好好的讲故事不好吗，一定要乱剪辑故作高深吗,763
富有的精神病人,较差,2023-01-22 13:29:38,😅😅😅一分给周迅，一分给梁朝伟,1906
qw0aszx,较差,2023-01-22 11:34:43,结果这次不仅内容空，连结构都变成强行拗出来的了,2674
小安家里养的狗,还行,2023-01-22 12:32:10,1.电影装逼只装一半也太难受了（但是还是有喜欢的片段）2.你说全片都端着那种“文艺范”的电影，有几处配乐莫名其妙就奔着mcu风格去了3.打乱时间线的效果就是开始看不明白，看明白之后“就这么点事你打乱的意义是？”（只有结尾那个反转打乱时间有点用）4.而且反转也是那种显得前面剧情很弱智的反转5.所谓的“烧脑”就是打乱时间之后反复重复台词6.男二演戏好搞笑 ，甚至不能全怪在演员上（虽然他演技很垃圾）导演只想让他装，但是氛围又完全对不上,461
治愈系波奇饭,较差,2023-01-22 12:05:01,哥们这部真是生怕人看不懂了这个也要解释一遍那个也要解释一遍，王一博张婧仪那场仿佛程耳教完很多遍根本教不好了爱咋咋地吧于是有了这样的成果。,1170
阝女,推荐,2023-01-22 11:20:50,重生之易先生审王佳芝,1374
头像好丑但是不,很差,2023-01-22 11:32:46,不知所云，故弄玄虚，这是什么玩意。这台词写的，生怕我看明白。,1579
獃茆,较差,2023-01-22 14:22:08,剧本弱到令人发指，破碎的剪辑故弄玄虚。羸弱的故事下演员的演技好坏甚至不是影片质量的重要影响因素。王传君在此类影片中再次饰演纯混球，已经审美疲劳了。,2012
今天早睡了吗,力荐,2023-01-22 11:11:04,中间的打戏太爽了,14631
delia,还行,2023-01-22 13:59:57,客观的说，最后两个人的打戏还是很精彩的，不过，从剧情来讲，有必要打成那样吗？给旁人看？要是有旁人他还能顺利送走周迅？不明白,441
草莓海啸,推荐,2023-01-22 13:30:01,你俩既然都是共产党，那干哈打的那么狠…还扔楼下去了，那是真想干掉他的样子……王一博居然还行，虽然有几场特写还是差了口气，和高手过招也是，但整体没算掉链子，还是得要导演调教才能出来。梁朝伟和周迅，不用多说，跪就完了,2283
Horace🐯,较差,2023-01-22 11:23:00,那些说烧脑的粉丝，可以反省下自己的理解能力了。程耳不要在故弄玄虚了，悬疑不等于乱剪。两分纯属感恩伟仔和周迅～至于一博，有几套衣服还是蛮好看的：）,1411
科吉托先生,较差,2023-01-22 12:57:48,程耳，你还记得《罗曼蒂克消亡史》吗…是怎么做到把匠气过重和谄媚资本结合到一部电影里的？镜头语言、影像风格、演员表演完全像是独立的三个东西。,948
凹凸代餐,还行,2023-01-22 11:13:23,和前作一样 煞有介事地讲了一个乏善可陈的故事（王一博大男主戏份 出场时长远超梁朝伟 你敢信？）,1308
数码宝贝2020,较差,2023-01-22 12:16:26,非常一般，和风声色戒比差远了。无非就是两个老戏骨给流量抬咖，流量咖的粉丝多，能挣钱罢了。这在电影院看王的脸太肿了吧…而且张婧仪和王一博丝毫看不出有感情，真的很尴尬………,1360
游苒,较差,2023-01-22 11:32:43,一个一开始就能猜透的故事，硬生生的靠剪辑撑。程耳还是太匠气了。梁朝伟老了，怎么还生发出了一丝幽默的气质。wyb只会发狠的表情，和未婚妻大吵一架之后那种想说又不能说的情绪就完全不能表达出来。最神奇的是我居然感觉出灯光打得不好，一个暖黄的环境里打硬白光也太出戏了。,1612
江疑,推荐,2023-01-22 11:18:03,王一博哪有那么差，程耳抓他的气质抓得很准，好导演可以成就演员。,2381
molly,力荐,2023-07-10 19:39:48,这电影如果才6.6分，那很多电影就应该负分了……,420
其实duck不必,还行,2023-01-22 13:55:21,"梁朝伟和周迅两分钟的感情戏秒了这电影里的一切。
谍战片的紧张感绝不是靠故弄玄虚的剪辑和自以为高大上的杂乱叙事能营造出来的，真是无聊。",421
BEN洛轩,较差,2023-01-22 13:04:48,本来想打一星，又怕被后台清了，真心建议路人慎买票入场,1803
xuwen,推荐,2023-01-22 13:52:43,没那么差吧 程耳拍老上海还是很有腔调的 镜头都很讲究很有美感 剧情讲述不是那么平铺直叙有一点挑战性 很多一星评价是对流量演员的天然敌视啊 虽然他演的确实不算出色 但也没有太差 至少导演是接受了才会拿出来播的 天然的成见太毁人了…,1601
林听鱼,推荐,2023-01-22 11:33:19,梁朝伟老在一个尴尬的年纪，期待再过些年他真正的老年气质到来。另外，作为一个不认识王一博的人，我觉得他还行啊。,1619
啊哈,还行,2023-01-22 13:16:39,不是去电影院，根本撑不到结局。整部电影好似王一博mv……,546
桑了个桑,还行,2023-01-22 12:49:35,对王一博的腮帮子耿耿于怀,488
笑看风云,很差,2023-01-22 12:31:46,室友是王一博粉丝，平时相处不错，经常买些小零食跟她一起分享，今天请我看了电影，无名，看到一半我出来了，赶紧找了宿管调了宿舍，我没想到他是这种人，大过年的让我看这种晦气玩意，整天在宿舍尬吹王一博怎么怎么，看了无名我彻底了解了这个人太不真实了，果断远离,227
拉拉橙,推荐,2023-01-22 13:56:11,这电影很程耳，看不懂的要么是进影院图一乐（那你不该看这个），要么就是脑子被熨平了，over。,1480
lwoavqe,较差,2023-01-22 12:14:41,"金玉其外  败絮其中
",1913
绿色花样雨衣,推荐,2023-01-22 11:47:16,刚从电影院出来。非线性叙事，开头撒线头，有些晦涩，但是2小个小时内线索都串起来了，没断掉。电影画面的观赏度非常高，程耳是有他的电影美学的，导演或许在心里面对30年代的上海有一种微妙的情结，让他总把故事背景设在旧上海。很隐秘也很别致，是属于程耳内心的角落。最后评价演员，梁朝伟一如既往地稳，王一博的肢体语言表达挺好的，导演应该也注意到了，让他通过肢体来释放和表达情绪，王传君的眼神有戏，但是他这个人物有点模糊，感觉没讲清楚。不用听那些吹上天的，但是绝对不烂，比较可贵的是独特性。,2106
真姬,较差,2023-01-24 20:57:41,这么高难度的角色给王一博演有点高估他了，他何德何能能跟梁朝伟对戏,804
二楼后座,较差,2023-01-22 11:55:05,王一博搁那儿干啥呢？侧脸还行，正脸好油腻啊，是肿了么？大过年搞点平铺直叙的正常电影不行么？,1424
眼睛瞪得像铜铃,较差,2023-01-22 11:39:51,果不其然，完全没有形成一以贯之的视听体系，主旋律、偶像剧拍法与程耳个人风格三方拉锯，在时而被爽到、时而恶心到的撕裂观感中苦不堪言。不过哪怕抛开外力干预，并结合幕后采访不难发现，或许程耳自己都不屑于接手这类题材，赖以成名的非线性叙事也只是简单洗牌打乱，远比《罗曼蒂克消亡史》潦草得多。但最要命的无疑是对谍战题材认知的浅显，只给人感觉是角色本身完全在为形而上的宏观战局服务，纯粹为了潜伏得更久而潜伏，并没有一个具体棘手的情报窃取任务需要格外发力，这就让电影本身显得很空。大家都在拽二战帝王将相的名词，却看不到一个具体的“人”。而竞缴带血投名状，靠着“你狠我就要比你更狠”来获取敌人信任的处理手法，在同类型精品面前显得格外幼稚。希望程耳早就掂量好了吧，用这样一份妥协来保《不浪漫》顺利上映，是自以为值得的。,1042
理解了那么久,还行,2023-01-22 12:56:36,这片就不该春节档上映，可以看出导演为了照顾观众，做了不少妥协。可是这种妥协未必有用，导致程耳粉丝没看爽，观众还是没看懂。,406
臭大乐,推荐,2023-01-22 12:51:51,梁朝伟的开场表演很像无耻混蛋里的汉斯，他的原声很舒服。王一博还挺出彩的，亦正亦邪有点纯真的感觉拿捏得很好。,1730
粉红熊猫头,还行,2023-01-22 12:39:20,这就是恶意叙诡吧，没什么悬疑感和紧张感的剧情，靠剪辑硬剪出悬念…如果冲着谍战片来的要大大失望了，但是优点也非常明显，画面太好看了，每一帧都想贴在墙上当画报，前后故事大体也都圆上了，配乐恰到好处，还有江疏影也太美了，狠狠get到了，至于演技，没什么太大槽点，虽然不敌大前辈们但也不至于被狠狠骂,236
X.,较差,2023-01-22 12:35:10,一个简单到无聊的故事，毫无共情。用剪辑生造悬疑，一场戏劈两半，头一段尾一段。未免太蠢了。除了梁朝伟，其他人演的好差啊！！！！！,1299
孤篇压全唐,推荐,2023-01-23 01:29:02,路人评价：不是烂片。,862
辗转拖鞋,推荐,2023-01-22 13:45:11,"沉默忧郁深沉，只能是我梁朝伟！
王一博作为后辈，年纪轻轻演技可圈可点，未来可期；
王传君再也不是关谷神奇了。",3457
就这样别安慰,还行,2023-01-22 11:22:30,"1.新年第一场！
2.程耳还是程耳，只是对于他来说少了一场强奸戏。
3.年轻演员对手戏好尴尬，相比王传君都差太远。
4.多线节奏还是不稳，却又没有墨镜“我就散着你看不懂是你的问题”那种自信。
5.为什么王一博不能是蒋公那边的？只有那样，周迅的真死才能表现时代的残酷，那场拳拳到肉的打戏才有意义，监狱门口梁朝伟的情绪爆发才合情理。算了有的人不能赢。",192
我要你有何用,较差,2023-01-22 11:50:16,坐立难安 春节为什么要来看这种片子？,1346
Moses,还行,2023-01-22 13:33:01,"  剪的太稀碎了，我们都知道导演在玩弄时间线，我们都知道昆汀，诺兰，盖里奇都爱这样玩，我们也都看过很多类似的优秀作品，但支撑这些优秀作品的基础是优秀的故事，深刻的内核，优秀的角色，有张力的剧情，然而，该片中没有明显的发现以上元素。优点，个人风格很突出，美学很棒，抗战时期压抑黑暗氛围诠释得很好，梁朝伟稳得一匹。
  但是作为谍战片，真的不是很合格，几乎没有靠正邪双方你来我往去制造紧张感和剧情张力，反倒感觉像是因为剧本太平淡，而选择了把时间线打乱来制造悬疑感，每揭开一个谜底之前都已经猜到接下来会发生什么，被放在预告片里当做吸引力的动作戏，也完完全全被韩国的谍战片锤爆了。",228
采姑娘的老蘑菇,较差,2023-01-22 12:18:08,。。。。。。影院音响挺好,1341
实现GCZY,推荐,2023-01-22 11:12:15,难得的日军视角,711
贾天天,较差,2023-01-22 12:38:58,面无表情的最高境界,1088
叶赫那拉,还行,2023-06-23 15:24:05,本来想说应该枪毙剪辑，或者枪毙导演也行，后来发现是一个人，省事儿了。更新：剪辑和导演都拿金鸡奖了耶，中国电影可真棒👍,70
消亡之人,还行,2023-01-22 12:05:24,"完全没看出来商业在哪，除非指的是配乐太满以至于时常情绪烘托过度，剪辑拖沓又凌乱只在唯一一场枪战戏还算舒适，王一博戏份特别多所幸真的没拖后腿，相比之下黄磊和大鹏比较丢人，即无存在感也完全没气势，台词更加直白因而黑色幽默不再又装逼意味过浓……
但它也没文艺下去，与罗曼蒂克消亡史相比，叙事依旧杂乱，但不再是以纷繁支线铺陈一个时代一座城市的气质，而只是故弄玄虚；女演员发挥出色，但戏份过少，也就不再能给电影提供一种气若游丝令人魂牵断肠的性感的韵；可能从开头第一声巨响起，观众就能感受到一种装腔作势，就像唯一一场打戏能欺骗的也只有观众，在故事中却甚至不成立。
总而言之对大部分观众依然不友好，而相较前作又全是缺陷。还能打到三星全托了梁朝伟的福，他完全知道在易先生里融入多少柔软和怜悯就能把他变成一个共产党人。",168
不要吃太饱,还行,2023-01-22 11:28:45,导演确实有艺术追求，布景、构图、调色和细节都很到位，剪辑手法也很新颖，梁朝伟稳定发挥，但是故事没讲好，人物不丰满，反转生硬，没有感情，甚至怀疑剪辑也是为了硬造悬疑以加强故事性，总结：仿佛在吃巧克力味的屎,217
略知她一二,还行,2023-01-22 12:08:04,1.除了梁朝伟和森博之，其他男演员给我滚去减肥，战争年代哪怕是权贵也不能这么肥头大耳的吧，胖肿成这样一出来戏就掉了；2.影片堆砌了一堆当时重要的历史事件，但是在故事本身没讲好的情况下只能显得故弄玄虚，剧情没重点，没有一个点可以激发对历史，对事件或人物的思考；3.但也不能说不好看，镜头美术服化道视听语言都很考究，梁朝伟和周迅对手戏非常棒；4.其实根本问题是抗日和内战题材本身已经走到尽头了。视角独特的《赛德克巴莱》，波谲云诡的《暗算》《潜伏》，如编年史一般的《人间正道是沧桑》，大小屏幕佳作太多，哪怕仍然有审查的桎梏，我也实在想不出来这种类型还有什么点可以挖掘。最重要的是，我觉得我们不能老是囿于历史而汲汲于耽溺于受害者的身份，不是说忘却仇恨，而是要面向未来，去思考包括电影在内的新的竞争方式了。,278
ddt,较差,2023-01-22 12:50:37,我的建议是︓拍的很好下次别拍了,1537
cake,推荐,2023-01-22 13:16:42,都骂就是政治正确吗？被打了流量标签的人怎样都翻不了身吗。和妈妈一起在影院看完，老太太说，小王演的可以了。凭良心说，剧情非常一般，但，电影镜头很讲究，不少画面很有美感。小王与梁朝伟打斗段落和投降后阴笑俯视的演的很不错。日语和上海话台词说得好。用功了。合格。,2136
阿喵,较差,2023-01-22 13:06:00,导演想表达的很多，但他实力其实有限，根本做不出他自己想要的效果，整体就会很凌乱稀碎，说得好听那叫文艺，说的不好听就是没水平。演员不想过多做评价，但想说无论粉丝怎么吹，不行就是不行，观众长眼睛。总体不推荐。,1997
文艺转,还行,2023-01-22 13:07:56,程耳导演光顾着高级了   叙事还差了一大截,307
固埃,较差,2023-01-22 12:09:58,"1：战争场面，轰炸场面充斥着逼真的虚假。 2：每个人都努着劲说台词，好像只有这样才能配得上导演舍不得剪在预告片里的“非常精彩的台词。”   3：王一博演得很差，大鹏演得很差，黄磊演得很差。 4：江疏影作为工具人被安排的喧宾夺主。 5：每个人物都是被单独塑造的，是其他角色的绝缘体，无法合成一体。 6：最后的交代过于详细，没有遐想的空间，是在否定无名这个主题。",1024
想不出的名字,还行,2023-01-22 13:42:31,电影在叶密和日本长官在罪犯车上入狱就可以结束了,226
迷人的小驹驹,推荐,2023-01-22 11:09:47,质量还行，感觉有点超出预期,9174
椰奶酥,推荐,2023-01-22 11:53:06,那么多高赞的一星差评只能说这电影不适合放在春节档，王一博的脸还是差点意思，没有一丝岁月的痕迹，就演不出该有的味道。Hidden blade翻译得好,451
拥有机甲的少女,还行,2023-01-22 12:05:37,程耳在发什么疯,482
非实力祐派,还行,2023-01-22 11:35:15,刻意风格化是个病，发病的症状是好看的，但是不能不治,200
机器猫,推荐,2023-01-24 15:15:39,感觉还行，就是如果换掉某一个演员会更好…,178
爱看电影的水瓶,推荐,2023-01-22 13:02:34,除了几处为了迎合观众认知的重复镜头，其他无可挑剔。关于演员吧，别戴有色眼镜去看就好，当然是有提升空间的。,898
人称胡子哥,较差,2023-01-22 12:29:05,故事略简单，剪辑故弄玄虚。,1188
筱垚,推荐,2023-01-22 13:09:55,梁朝伟依旧是那么帅的嘞！不理解为什么那么多一星，说看不懂在演什么和吐槽虐杀场面恶心的，建议还是好好在家睡大觉吧，不配看电影！有些场面固然压抑，但那就是战争、那就是历史。回顾历史，不是要让我们活在历史中止步不前，而是要避免因忘记历史而重蹈覆辙，要带着经验和教训，去走向更好的明天。每个人都渴望光明和自由，就永远需要有人站出来去为了光明和自由而不停奋斗，尽管必须隐姓埋名、尽管只是星星之火。 ,1126
居安思wai,推荐,2023-01-22 14:22:40,幸亏看过罗曼蒂克消亡史，知道导演的特点就是进程慢完全非线性，前段跳切让观众不明所以。王一博的阴鸷感太适合演反派了！适合大荧幕！和伟仔那几分钟的打戏爽！张婧仪和江疏影的妆造也好好看。缺点也是导演风格，可能让追惯了国产连续剧的观众不适应。,1031
Jiehhhhh,较差,2023-01-22 11:39:59,如鲠在喉，如芒在背，如坐针毡，稀碎且无聊的剪辑.....,1073
凸肚,推荐,2023-01-22 14:16:25,以前对王一博无感，这部作品完全改观，稳稳走上了内敛的实力演技路线，期待下一部更大的情绪爆发。影片本身，从节奏到色调到运镜，都是妥妥的“慢王家卫”调调，程耳的1.75倍速镜头语言，立住个人风格了。,1931
×,较差,2023-01-22 12:40:29,王一博还是没长进,1266
Wandering,较差,2023-01-22 13:51:34,大量不明意义的剪辑和堪比风光摄影的空镜 剧本不行剪辑硬凑 拿腔拿调又说不出什么高明的东西,1033
👸🏻👸🏻,推荐,2023-01-24 15:15:52,无法理解连无名都骂看不懂的人…就像无法理解陈小姐说自己有丈夫时全场都爆发出绿帽癖的大笑…连汪先生是“干嘛的”都要现场查 程耳属实是自作自受了,337
思罪,推荐,2023-01-22 14:17:45,我问我弟，你觉得及格了吗？我弟说及格了。然后回家一起吃饭，饭桌上继续聊一些电影里的细节和台词。我妈看我俩说得热火朝天，说好看吗？我说：可以。我弟说：可以。影片的镜头审美是对眼睛的洗礼。,1363
Win,较差,2023-01-22 14:14:19,1.非线性叙事拍的好叫百转千回，悬念叠叠，拍的不好叫故弄玄虚；2.就是真的连最基本的故事都没有讲清楚，看到最后也不知道公爵那条线到底要讲什么；3.一星给构图，一星给大年初一的好心情；4.两个年轻演员半斤八两，对不住这么好的资源，心疼所有其他演员；5.策划和营销真的有问题，这种有较高观影门槛的电影真的不适合在贺岁档上映,1160
乖巧可爱,推荐,2023-01-22 13:16:07,60分的王一博给一部80分的影片贡献了100分的演技,791
存在与虚无,较差,2023-01-22 12:46:13,观感完全割裂的前后两部电影。前半段有程耳的自我表达，包括镜头构图和色彩美学，加上梁朝伟毋庸置疑的演技，非线性的叙事悬疑慢慢展开。直到人物视角的转换，生气只会怒目的演技外加上令人尴尬窒息的台词，逻辑的混乱和闪回的情节解释，把前半段的铺垫全部打到。好的电影会留白引导观众自己思考，而不是把一切都直白的展示出来用于解释。,1114
风火山林,较差,2023-07-13 18:47:37,感觉全片就是在“故作高深”，每个人都在很刻意的“端着”，看了一个半小时都没看明白要表达什么意思剪辑也十分混乱，不明所以的倒叙，完全就是一部具有二战侵华战争背景的西装宣传片,93
蓝色11号,较差,2023-01-22 12:35:43,作为谍战片实在不合格，一大早的去差点睡着在电影院……,1437
雷因法鲁斯,较差,2023-01-22 13:25:34,梁生 周迅 为什么要败自己口碑 江疏影挺漂亮的 国内资本少点粉丝向电影吧 还不如去年的断桥 奇迹 真的不能对比 没有最拉 只有更拉 ,1852
木吉呀,较差,2023-01-22 13:31:51,虽然看懂了 但越往后越如坐针毡 啥时候才结束啊 从来没觉得看电影这么难挨两小时,1408
LeaRy,较差,2023-01-22 13:56:13,片子虽然逻辑不严谨，但是质感可以，值得6分3星，就是脖子哥的演技。。。实在让我大年初一不舒服了,1300
专业影评人Eric,较差,2023-01-22 11:46:30,整个电影的质感不错，梁朝伟周迅很好，但是带不动流量明星啊，不知道为什么选他，拖累了整部电影。说回电影本身，不适合春节档啊，偏文艺，有点装过头了,917
星黛露,较差,2023-01-22 11:23:48,故弄玄虚不知所云,1356
Cartrigde,力荐,2023-01-22 11:28:37,影片结束我还舍不得走，还沉浸在剧情中。程耳，我终于还你的电影票了！无名值得！笑到最后！我还要再看！永远相信程耳！,13398
